{"_runtime":79415.980984871,"_step":820,"_timestamp":1.7421315155343206e+09,"_wandb":{"runtime":79769},"global_step":143200,"losses/l_pix":-19.26824}