{"_timestamp":1.741913329665227e+09,"_wandb":{"runtime":14},"global_step":61200,"losses/l_pix":-18.160069,"_runtime":50504.903732171,"_step":399}