{"global_step":26000,"losses/l_pix":-21.404083,"_runtime":5107.980143448,"_step":131,"_timestamp":1.7417352588062634e+09,"_wandb":{"runtime":5122}}