{"losses/l_pix":-17.938625,"_runtime":311.035348408,"_step":137,"_timestamp":1.7417635150317361e+09,"_wandb":{"runtime":315},"global_step":21000}