{"global_step":20200,"losses/l_pix":-16.613325,"_runtime":607.027690744,"_step":132,"_timestamp":1.7417626507361598e+09,"_wandb":{"runtime":166}}