{"_timestamp":1.7418379053950813e+09,"_wandb":{"runtime":19907},"global_step":50000,"losses/l_pix":-18.587484,"_runtime":19896.994772564,"_step":288}