{"_wandb":{"runtime":44},"global_step":50000,"losses/l_pix":-18.587484,"_runtime":19896.994772564,"_step":288,"_timestamp":1.7418379053950813e+09}