{"_wandb":{"runtime":36604},"global_step":162600,"losses/l_pix":-18.620222,"_runtime":35012.211969278,"_step":942,"_timestamp":1.7422391081038396e+09}