{"_wandb":{"runtime":79365},"global_step":100200,"losses/l_pix":-17.70938,"_runtime":79295.670568866,"_step":600,"_timestamp":1.7419948212723377e+09}