{"_runtime":100.791635881,"_step":1,"_wandb":{"runtime":115},"losses/l_pix":-15.455359,"global_step":400,"_timestamp":1.7417300972351983e+09}